IPI,IPI,http://www.ensiie.fr/IMG/pdf/brochureenseignements_2017-18_171027.pdf#page=8
MOM,MOM,http://www.ensiie.fr/IMG/pdf/brochureenseignements_2017-18_171027.pdf#page=9
IBD,IBD,http://www.ensiie.fr/IMG/pdf/brochureenseignements_2017-18_171027.pdf#page=11
OSS,OSS,http://www.ensiie.fr/IMG/pdf/brochureenseignements_2017-18_171027.pdf#page=13
MAN,MAN,http://www.ensiie.fr/IMG/pdf/brochureenseignements_2017-18_171027.pdf#page=15
MPR,MPR,http://www.ensiie.fr/IMG/pdf/brochureenseignements_2017-18_171027.pdf#page=17
MTG,MTG,http://www.ensiie.fr/IMG/pdf/brochureenseignements_2017-18_171027.pdf#page=18
LVFH1,LV1,http://www.ensiie.fr/IMG/pdf/brochureenseignements_2017-18_171027.pdf#page=22
LVFH1,LV2,http://www.ensiie.fr/IMG/pdf/brochureenseignements_2017-18_171027.pdf#page=23
LVFH1,COMM1,http://www.ensiie.fr/IMG/pdf/brochureenseignements_2017-18_171027.pdf#page=24
ECO1,ME1,http://www.ensiie.fr/IMG/pdf/brochureenseignements_2017-18_171027.pdf#page=19
ECO1,GCF,http://www.ensiie.fr/IMG/pdf/brochureenseignements_2017-18_171027.pdf#page=20
ECO1,DCB,http://www.ensiie.fr/IMG/pdf/brochureenseignements_2017-18_171027.pdf#page=21
MCI,MCI,http://www.ensiie.fr/IMG/pdf/brochureenseignements_2017-18_171027.pdf#page=25
MSM,MSM,http://www.ensiie.fr/IMG/pdf/brochureenseignements_2017-18_171027.pdf#page=26
IPFL,IPF,http://www.ensiie.fr/IMG/pdf/brochureenseignements_2017-18_171027.pdf#page=28
IPFL,IPL,http://www.ensiie.fr/IMG/pdf/brochureenseignements_2017-18_171027.pdf#page=29
MST,MST,http://www.ensiie.fr/IMG/pdf/brochureenseignements_2017-18_171027.pdf#page=33
ILO,ILO,http://www.ensiie.fr/IMG/pdf/brochureenseignements_2017-18_171027.pdf#page=32
ECO2,ME2,http://www.ensiie.fr/IMG/pdf/brochureenseignements_2017-18_171027.pdf#page=37
ECO2,AFBE,http://www.ensiie.fr/IMG/pdf/brochureenseignements_2017-18_171027.pdf#page=38
ECO2,IE,http://www.ensiie.fr/IMG/pdf/brochureenseignements_2017-18_171027.pdf#page=39
PWR,WEB,http://www.ensiie.fr/IMG/pdf/brochureenseignements_2017-18_171027.pdf#page=30
PWR,DATA,http://www.ensiie.fr/IMG/pdf/brochureenseignements_2017-18_171027.pdf#page=30
OPTI,OPTI,http://www.ensiie.fr/IMG/pdf/brochureenseignements_2017-18_171027.pdf#page=34
PROJ,PI,http://www.ensiie.fr/IMG/pdf/brochureenseignements_2017-18_171027.pdf#page=35
PROJ,PW,http://www.ensiie.fr/IMG/pdf/brochureenseignements_2017-18_171027.pdf#page=35
PROJ,PM,http://www.ensiie.fr/IMG/pdf/brochureenseignements_2017-18_171027.pdf#page=36
LVFH2,LV1,http://www.ensiie.fr/IMG/pdf/brochureenseignements_2017-18_171027.pdf#page=40
LVFH2,LV2,http://www.ensiie.fr/IMG/pdf/brochureenseignements_2017-18_171027.pdf#page=41
LVFH2,COMM2,http://www.ensiie.fr/IMG/pdf/brochureenseignements_2017-18_171027.pdf#page=42
MTEF,MTEF,http://www.ensiie.fr/IMG/pdf/brochureenseignements_2017-18_171027.pdf#page=43