de Guiilde,p3,31,guilde.png
de RadIoactIvE,p9,24,radioactive.png
de CCCM,p11,16,cccm.png
de FiLiGRANe,p25,31,none
de LumIIEre,p31,20,lumiere.png
de BD-SF,p31,31,bdsf.png
d'InsanitIIE,p39,0,none
de ScIIence,p49,0,none
d'IInnovE,p50,0,iinove.png
d'i-TV,p52,25,itv.jpg
de CuIsIne,p55,0,cuisine.png
du BDA,p61,0,bda.png
du BDS,p63,18,bds.png
d'OenologIIE,p68,0,oenologiie.png
de MisterIIE,p72,0,none
de SIIestE,p72,31,siieste.png
de FinancIIE,p72,0,finance.png
d'Arise,p83,0,arise.png
de ComDIIE,p92,0,comdiie.png
de CID,p96,25,none
de Forum,p96,23,forum.png
d'ORiGiNe,p98,15,origine.png
de LanPartiie,p126,20,lanpartiie.png
d'Apéral,p133,0,aperal.png
du Bar(c),p139,29,barc.png
de RealitIIE,p146,0,realitiie.png
de DansIIE,p161,0,dansiie.jpg
de Dièse,p163,22,diese.png
de CraftIIe,p170,31,craftiie.png